<?xml version="1.0" encoding="UTF-8"?>

<configuration>
	<appender name="consoleAppender"
		class="ch.qos.logback.core.ConsoleAppender">
		<encoder>
			<pattern>%d [%thread] %-5level %-50logger{40} -%msg%n</pattern>
		</encoder>
	</appender>
	<appender name="rollingFileAppender"
		class="ch.qos.logback.core.rolling.RollingFileAppender">
		<file>MyApp.log</file>
		<encoder>
			<pattern>%d [%thread] %-5level %-50logger{40} -%msg%n</pattern>
		</encoder>
		<rollingPolicy
			class="ch.qos.logback.core.rolling.SizeAndTimeBasedRollingPolicy">
			<fileNamePattern>LoggerDemo-%d{yyyy-MM-dd}.%i.log</fileNamePattern>
			<maxFileSize>1MB</maxFileSize>
			<maxHistory>30</maxHistory>
			<totalSizeCap>10MB</totalSizeCap>
			<cleanHistoryOnStart>true</cleanHistoryOnStart>
		</rollingPolicy>
	</appender>
	<root level="INFO">
		<appender-ref ref="consoleAppender" />
		<appender-ref ref="rollingFileAppender" />
	</root>
</configuration>