{
  "hash": "6aa7fa7b",
  "configHash": "8bda10c0",
  "lockfileHash": "6e7d1849",
  "browserHash": "dcf9e542",
  "optimized": {
    "@angular/common": {
      "src": "../../../../../node_modules/@angular/common/fesm2022/common.mjs",
      "file": "@angular_common.js",
      "fileHash": "fd9138c5",
      "needsInterop": false
    },
    "@angular/common/http": {
      "src": "../../../../../node_modules/@angular/common/fesm2022/http.mjs",
      "file": "@angular_common_http.js",
      "fileHash": "081268ef",
      "needsInterop": false
    },
    "@angular/core": {
      "src": "../../../../../node_modules/@angular/core/fesm2022/core.mjs",
      "file": "@angular_core.js",
      "fileHash": "14f2c1b5",
      "needsInterop": false
    },
    "@angular/forms": {
      "src": "../../../../../node_modules/@angular/forms/fesm2022/forms.mjs",
      "file": "@angular_forms.js",
      "fileHash": "2eaa86ca",
      "needsInterop": false
    },
    "@angular/platform-browser": {
      "src": "../../../../../node_modules/@angular/platform-browser/fesm2022/platform-browser.mjs",
      "file": "@angular_platform-browser.js",
      "fileHash": "47b9d587",
      "needsInterop": false
    },
    "@angular/platform-browser/animations": {
      "src": "../../../../../node_modules/@angular/platform-browser/fesm2022/animations.mjs",
      "file": "@angular_platform-browser_animations.js",
      "fileHash": "4fdabed3",
      "needsInterop": false
    },
    "@angular/router": {
      "src": "../../../../../node_modules/@angular/router/fesm2022/router.mjs",
      "file": "@angular_router.js",
      "fileHash": "5ec5a939",
      "needsInterop": false
    },
    "primeng/calendar": {
      "src": "../../../../../node_modules/primeng/fesm2022/primeng-calendar.mjs",
      "file": "primeng_calendar.js",
      "fileHash": "d76b9d50",
      "needsInterop": false
    },
    "primeng/dropdown": {
      "src": "../../../../../node_modules/primeng/fesm2022/primeng-dropdown.mjs",
      "file": "primeng_dropdown.js",
      "fileHash": "dd942da0",
      "needsInterop": false
    },
    "primeng/inputtext": {
      "src": "../../../../../node_modules/primeng/fesm2022/primeng-inputtext.mjs",
      "file": "primeng_inputtext.js",
      "fileHash": "80eb4a69",
      "needsInterop": false
    },
    "sweetalert2": {
      "src": "../../../../../node_modules/sweetalert2/dist/sweetalert2.all.js",
      "file": "sweetalert2.js",
      "fileHash": "48a6f374",
      "needsInterop": true
    }
  },
  "chunks": {
    "chunk-O6HOZKSH": {
      "file": "chunk-O6HOZKSH.js"
    },
    "chunk-OS432HOK": {
      "file": "chunk-OS432HOK.js"
    },
    "chunk-JOICYBGB": {
      "file": "chunk-JOICYBGB.js"
    },
    "chunk-PP54IV3K": {
      "file": "chunk-PP54IV3K.js"
    },
    "chunk-LJKTKC2W": {
      "file": "chunk-LJKTKC2W.js"
    },
    "chunk-34SLCOSY": {
      "file": "chunk-34SLCOSY.js"
    },
    "chunk-SFQOVGJ5": {
      "file": "chunk-SFQOVGJ5.js"
    },
    "chunk-NPYXZOEU": {
      "file": "chunk-NPYXZOEU.js"
    },
    "chunk-3OV72XIM": {
      "file": "chunk-3OV72XIM.js"
    }
  }
}