{
  "hash": "a248b61a",
  "configHash": "41060ffa",
  "lockfileHash": "8bfeec57",
  "browserHash": "2c43980f",
  "optimized": {
    "@angular/common": {
      "src": "../../../../../node_modules/@angular/common/fesm2022/common.mjs",
      "file": "@angular_common.js",
      "fileHash": "d8d7abeb",
      "needsInterop": false
    },
    "@angular/common/http": {
      "src": "../../../../../node_modules/@angular/common/fesm2022/http.mjs",
      "file": "@angular_common_http.js",
      "fileHash": "f53bfb28",
      "needsInterop": false
    },
    "@angular/core": {
      "src": "../../../../../node_modules/@angular/core/fesm2022/core.mjs",
      "file": "@angular_core.js",
      "fileHash": "70b1285c",
      "needsInterop": false
    },
    "@angular/forms": {
      "src": "../../../../../node_modules/@angular/forms/fesm2022/forms.mjs",
      "file": "@angular_forms.js",
      "fileHash": "f34a2d81",
      "needsInterop": false
    },
    "@angular/platform-browser": {
      "src": "../../../../../node_modules/@angular/platform-browser/fesm2022/platform-browser.mjs",
      "file": "@angular_platform-browser.js",
      "fileHash": "89bcbbf6",
      "needsInterop": false
    },
    "@angular/router": {
      "src": "../../../../../node_modules/@angular/router/fesm2022/router.mjs",
      "file": "@angular_router.js",
      "fileHash": "8f0064d0",
      "needsInterop": false
    },
    "primeng/inputtext": {
      "src": "../../../../../node_modules/primeng/fesm2022/primeng-inputtext.mjs",
      "file": "primeng_inputtext.js",
      "fileHash": "031c4791",
      "needsInterop": false
    }
  },
  "chunks": {
    "chunk-KTGRZAT5": {
      "file": "chunk-KTGRZAT5.js"
    },
    "chunk-N2QL4EX3": {
      "file": "chunk-N2QL4EX3.js"
    },
    "chunk-Y7OYLMFE": {
      "file": "chunk-Y7OYLMFE.js"
    },
    "chunk-26ZBG2U3": {
      "file": "chunk-26ZBG2U3.js"
    },
    "chunk-HZEFKQQ5": {
      "file": "chunk-HZEFKQQ5.js"
    }
  }
}